key	fr	es	it	ja	ko
That does not look like an email address.	Cela ne ressemble pas à une adresse e-mail.	Eso no parece una dirección de correo.	Non sembra un indirizzo e-mail.	メールアドレスの形式ではありません。	이메일 주소 형식이 아닙니다.
Another account already uses that address.	Un autre compte utilise déjà cette adresse.	Otra cuenta ya usa esa dirección.	Un altro account usa già questo indirizzo.	このアドレスは別のアカウントで使われています。	다른 계정이 이미 이 주소를 사용 중입니다.
Two letters: CA, US, FR, JP...	Deux lettres : CA, US, FR, JP...	Dos letras: CA, US, FR, JP...	Due lettere: CA, US, FR, JP...	2文字：CA、US、FR、JP...	두 글자: CA, US, FR, JP...
The current password is wrong.	Le mot de passe actuel est incorrect.	La contraseña actual es incorrecta.	La password attuale non è corretta.	現在のパスワードが違います。	현재 비밀번호가 틀렸습니다.
A password is at least 8 characters.	Un mot de passe fait au moins 8 caractères.	La contraseña tiene al menos 8 caracteres.	La password deve avere almeno 8 caratteri.	パスワードは8文字以上です。	비밀번호는 8자 이상이어야 합니다.
The two new passwords differ.	Les deux nouveaux mots de passe sont différents.	Las dos contraseñas nuevas no coinciden.	Le due nuove password non coincidono.	新しいパスワードが一致しません。	두 새 비밀번호가 서로 다릅니다.
The server could not be reached.	Impossible de joindre le serveur.	No se pudo contactar con el servidor.	Impossibile raggiungere il server.	サーバーに接続できませんでした。	서버에 연결할 수 없습니다.
%u G   your account	%u G   votre compte	%u G   tu cuenta	%u G   il tuo account	%u G   あなたのアカウント	%u G   내 계정
Sign out	Se déconnecter	Cerrar sesión	Esci	サインアウト	로그아웃
Recovery email	E-mail de récupération	Correo de recuperación	E-mail di recupero	復旧用メールアドレス	복구용 이메일
None. If you forget your password, this account cannot be recovered.	Aucun. Si vous oubliez votre mot de passe, ce compte ne pourra pas être récupéré.	Ninguno. Si olvidas tu contraseña, esta cuenta no se podrá recuperar.	Nessuno. Se dimentichi la password, questo account non potrà essere recuperato.	未設定です。パスワードを忘れると、このアカウントは復旧できません。	없음. 비밀번호를 잊으면 이 계정은 복구할 수 없습니다.
A code can be sent to %s if you forget your password.	Un nouveau mot de passe peut être envoyé à %s si vous oubliez le vôtre.	Se puede enviar una nueva contraseña a %s si olvidas la tuya.	Una nuova password può essere inviata a %s se dimentichi la tua.	パスワードを忘れた場合は %s に新しいパスワードを送れます。	비밀번호를 잊으면 %s(으)로 새 비밀번호를 보낼 수 있습니다.
Only for getting back in. Nothing else is ever sent to it - no news, no updates - and it is never shown to other players.	Uniquement pour récupérer l'accès. Rien d'autre n'y est jamais envoyé - ni actualités, ni mises à jour - et elle n'est jamais montrée aux autres joueurs.	Solo para recuperar el acceso. Nunca se envía nada más - ni noticias, ni novedades - y nunca se muestra a otros jugadores.	Solo per rientrare. Non viene mai inviato altro - niente notizie, niente aggiornamenti - e non è mai mostrata agli altri giocatori.	復旧のためだけに使います。お知らせや更新情報など他のメールは一切送らず、他のプレイヤーに表示されることもありません。	복구 용도로만 사용됩니다. 소식이나 업데이트 등 다른 메일은 절대 보내지 않으며, 다른 플레이어에게 표시되지 않습니다.
Save##email	Enregistrer##email	Guardar##email	Salva##email	保存##email	저장##email
Remove##email	Retirer##email	Quitar##email	Rimuovi##email	削除##email	제거##email
Saving...	Enregistrement...	Guardando...	Salvataggio...	保存中...	저장 중...
Country	Pays	País	Paese	国	국가
Two letters, shown on your gamercard to friends. Optional.	Deux lettres, affichées sur votre carte de joueur pour vos amis. Facultatif.	Dos letras, visibles en tu tarjeta de jugador para tus amigos. Opcional.	Due lettere, mostrate sulla tua scheda giocatore agli amici. Facoltativo.	2文字。フレンドに見えるゲーマーカードに表示されます。任意です。	두 글자. 친구에게 보이는 게이머 카드에 표시됩니다. 선택 사항.
Save##country	Enregistrer##country	Guardar##country	Salva##country	保存##country	저장##country
Remove##country	Retirer##country	Quitar##country	Rimuovi##country	削除##country	제거##country
Password	Mot de passe	Contraseña	Password	パスワード	비밀번호
Changing it signs every other device out of this account. This one stays signed in.	Le changer déconnecte tous les autres appareils de ce compte. Celui-ci reste connecté.	Cambiarla cierra la sesión de esta cuenta en los demás dispositivos. Este sigue conectado.	Cambiarla disconnette tutti gli altri dispositivi da questo account. Questo resta connesso.	変更すると、他の端末はすべてサインアウトされます。この端末はサインインしたままです。	변경하면 다른 모든 기기에서 로그아웃됩니다. 이 기기는 로그인 상태로 유지됩니다.
Current password	Mot de passe actuel	Contraseña actual	Password attuale	現在のパスワード	현재 비밀번호
New password	Nouveau mot de passe	Nueva contraseña	Nuova password	新しいパスワード	새 비밀번호
New password again	Nouveau mot de passe (encore)	Repite la nueva contraseña	Ripeti la nuova password	新しいパスワード（確認）	새 비밀번호 확인
Change password	Changer le mot de passe	Cambiar contraseña	Cambia password	パスワードを変更	비밀번호 변경
Changing...	Changement...	Cambiando...	Modifica in corso...	変更中...	변경 중...
Add a title on the Home tab first.	Ajoutez d'abord un jeu dans l'onglet Accueil.	Añade primero un juego en la pestaña Inicio.	Aggiungi prima un gioco nella scheda Home.	まずホームタブでゲームを追加してください。	먼저 홈 탭에서 게임을 추가하세요.
Achievements	Succès	Logros	Obiettivi	実績	도전 과제
Refresh	Actualiser	Actualizar	Aggiorna	更新	새로고침
loading...	chargement...	cargando...	caricamento...	読み込み中...	불러오는 중...
This server has not imported the title. tools/spa_import.py in XenonLive does that.	Ce serveur n'a pas importé ce jeu. tools/spa_import.py dans XenonLive s'en charge.	Este servidor no ha importado el juego. tools/spa_import.py en XenonLive lo hace.	Questo server non ha importato il gioco. tools/spa_import.py in XenonLive lo fa.	このサーバーにはこのタイトルが登録されていません。XenonLive の tools/spa_import.py で登録します。	이 서버에 이 타이틀이 등록되어 있지 않습니다. XenonLive의 tools/spa_import.py로 등록합니다.
%u / %u G, %u of %zu unlocked	%u / %u G, %u sur %zu débloqués	%u / %u G, %u de %zu desbloqueados	%u / %u G, %u su %zu sbloccati	%u / %u G、%u / %zu 解除済み	%u / %u G, %u개 달성 / 전체 %zu개
Secret achievement	Succès secret	Logro secreto	Obiettivo segreto	秘密の実績	비밀 도전 과제
unlocked %s	débloqué le %s	desbloqueado el %s	sbloccato il %s	%s に解除	%s 달성
Continue playing to unlock this secret achievement.	Continuez à jouer pour débloquer ce succès secret.	Sigue jugando para desbloquear este logro secreto.	Continua a giocare per sbloccare questo obiettivo segreto.	プレイを続けると、この秘密の実績が解除されます。	계속 플레이하면 이 비밀 도전 과제가 해제됩니다.
playing 	joue à 	jugando a 	sta giocando a 	プレイ中: 	플레이 중:
a game	un jeu	un juego	un gioco	ゲーム	게임
 (joinable)	 (rejoignable)	 (se puede unir)	 (si può entrare)	（参加可能）	 (참가 가능)
View profile	Voir le profil	Ver perfil	Vedi profilo	プロフィールを見る	프로필 보기
Profile	Profil	Perfil	Profilo	プロフィール	프로필
Invite	Inviter	Invitar	Invita	招待	초대
Invite 	Inviter 	Invitar a 	Invita 	招待: 	초대:
Invitation sent to 	Invitation envoyée à 	Invitación enviada a 	Invito inviato a 	招待を送りました: 	초대를 보냈습니다:
Start a game session first: an invitation names the session you are in.	Démarrez d'abord une session de jeu : une invitation désigne la session où vous êtes.	Inicia primero una sesión de juego: la invitación indica la sesión en la que estás.	Avvia prima una sessione di gioco: l'invito indica la sessione in cui ti trovi.	先にゲームセッションを開始してください。招待には参加中のセッションが必要です。	먼저 게임 세션을 시작하세요. 초대에는 참가 중인 세션이 필요합니다.
Message	Message	Mensaje	Messaggio	メッセージ	메시지
Remove	Retirer	Quitar	Rimuovi	削除	삭제
Remove 	Retirer 	Quitar a 	Rimuovi 	削除: 	삭제:
Block	Bloquer	Bloquear	Blocca	ブロック	차단
Block 	Bloquer 	Bloquear a 	Blocca 	ブロック: 	차단:
wants to be your friend	veut devenir votre ami	quiere ser tu amigo	vuole essere tuo amico	からフレンド申請	님이 친구 요청을 보냈습니다
Accept	Accepter	Aceptar	Accetta	承認	수락
Accept 	Accepter 	Aceptar a 	Accetta 	承認: 	수락:
Decline	Refuser	Rechazar	Rifiuta	拒否	거절
Decline 	Refuser 	Rechazar a 	Rifiuta 	拒否: 	거절:
request sent	demande envoyée	solicitud enviada	richiesta inviata	申請済み	요청 보냄
Withdraw	Annuler	Retirar	Ritira	取り消し	취소
Withdraw 	Annuler 	Retirar a 	Ritira 	取り消し: 	취소:
%d online	%d en ligne	%d en línea	%d online	%d 人オンライン	%d명 온라인
Friends	Amis	Amigos	Amici	フレンド	친구
gamertag	gamertag	gamertag	gamertag	ゲーマータグ	게이머태그
Add friend	Ajouter un ami	Añadir amigo	Aggiungi amico	フレンド追加	친구 추가
Add 	Ajouter 	Añadir a 	Aggiungi 	追加: 	추가:
reading your presence...	lecture de votre présence...	leyendo tu presencia...	lettura della tua presenza...	プレゼンスを確認中...	접속 상태 확인 중...
in a session of %s - friends can be invited	dans une session de %s - les amis peuvent être invités	en una sesión de %s - se puede invitar a amigos	in una sessione di %s - gli amici possono essere invitati	%s のセッション中 - フレンドを招待できます	%s 세션 참가 중 - 친구를 초대할 수 있습니다
not in a game session - Invite needs one	pas dans une session de jeu - Inviter en a besoin	no estás en una sesión de juego - Invitar necesita una	non sei in una sessione di gioco - Invita ne richiede una	ゲームセッションに未参加 - 招待にはセッションが必要です	게임 세션에 참가하지 않음 - 초대하려면 세션이 필요합니다
Requests	Demandes	Solicitudes	Richieste	申請	요청
No friends yet, and no connection to the server.	Pas encore d'amis, et pas de connexion au serveur.	Aún no hay amigos, y no hay conexión con el servidor.	Nessun amico ancora, e nessuna connessione al server.	フレンドはまだいません。サーバーにも接続していません。	아직 친구가 없고, 서버에도 연결되어 있지 않습니다.
No friends yet.	Pas encore d'amis.	Aún no hay amigos.	Nessun amico ancora.	フレンドはまだいません。	아직 친구가 없습니다.
Sent	Envoyées	Enviadas	Inviate	送信済み	보낸 요청
unpacking	extraction	descomprimiendo	estrazione	展開中	압축 해제 중
Cancel	Annuler	Cancelar	Annulla	キャンセル	취소
not installed	non installé	no instalado	non installato	未インストール	설치되지 않음
- latest is %s	- dernière version : %s	- la última es %s	- l'ultima è %s	- 最新は %s	- 최신 버전 %s
installed %s	installé %s	instalado %s	installato %s	%s をインストール済み	%s 설치됨
- %s is available	- %s est disponible	- %s está disponible	- %s è disponibile	- %s が利用可能	- %s 사용 가능
- up to date	- à jour	- actualizado	- aggiornato	- 最新です	- 최신 상태
your game data is installed	vos données de jeu sont installées	tus datos del juego están instalados	i dati del gioco sono installati	ゲームデータはインストール済みです	게임 데이터가 설치되어 있습니다
package found	package trouvé	paquete encontrado	pacchetto trovato	パッケージを検出	패키지 발견
your package is in place; the first Play unpacks it	votre package est en place ; le premier Jouer l'extrait	tu paquete está en su sitio; el primer Jugar lo descomprime	il pacchetto è al suo posto; il primo Gioca lo estrae	パッケージは配置済みです。最初の「プレイ」で展開されます	패키지가 준비되었습니다. 처음 플레이할 때 압축이 풀립니다
put your XBLA package (title %s) in:	placez votre package XBLA (titre %s) dans :	pon tu paquete XBLA (título %s) en:	metti il tuo pacchetto XBLA (titolo %s) in:	XBLA パッケージ（タイトル %s）をここに置いてください：	XBLA 패키지(타이틀 %s)를 여기에 넣으세요:
or drop it onto the game's own window after pressing Play	ou déposez-le sur la fenêtre du jeu après avoir appuyé sur Jouer	o suéltalo en la ventana del juego después de pulsar Jugar	o trascinalo sulla finestra del gioco dopo aver premuto Gioca	または「プレイ」の後にゲームのウィンドウへドロップしてください	또는 플레이를 누른 뒤 게임 창에 끌어다 놓으세요
Install	Installer	Instalar	Installa	インストール	설치
running (pid %lld)	en cours (pid %lld)	en ejecución (pid %lld)	in esecuzione (pid %lld)	実行中（pid %lld）	실행 중 (pid %lld)
Play	Jouer	Jugar	Gioca	プレイ	플레이
Could not launch: 	Impossible de lancer : 	No se pudo iniciar: 	Impossibile avviare: 	起動できません: 	실행할 수 없습니다:
Update to 	Mettre à jour vers 	Actualizar a 	Aggiorna a 	更新: 	업데이트:
Reinstall	Réinstaller	Reinstalar	Reinstalla	再インストール	재설치
Folder	Dossier	Carpeta	Cartella	フォルダー	폴더
Release notes	Notes de version	Notas de la versión	Note di rilascio	リリースノート	릴리스 노트
XenonLive Launcher %s is available	XenonLive Launcher %s est disponible	XenonLive Launcher %s está disponible	XenonLive Launcher %s è disponibile	XenonLive Launcher %s が利用可能です	XenonLive Launcher %s 사용 가능
you have %s	vous avez %s	tienes %s	hai %s	現在は %s	현재 %s
The launcher restarts by itself when this is done.	Le lanceur redémarre tout seul une fois terminé.	El lanzador se reinicia solo cuando termine.	Il launcher si riavvia da solo al termine.	完了するとランチャーは自動的に再起動します。	완료되면 런처가 자동으로 다시 시작됩니다.
Downloaded beside this one and checked against the release's SHA256SUMS, then the launcher restarts as the new version.	Téléchargé à côté de celui-ci et vérifié avec le SHA256SUMS de la version, puis le lanceur redémarre dans la nouvelle version.	Se descarga junto a este, se comprueba con el SHA256SUMS de la versión y el lanzador se reinicia con la nueva versión.	Scaricato accanto a questo e verificato con lo SHA256SUMS della versione, poi il launcher si riavvia nella nuova versione.	隣にダウンロードしてリリースの SHA256SUMS で検証し、新しいバージョンでランチャーを再起動します。	현재 위치 옆에 내려받아 릴리스의 SHA256SUMS로 검증한 뒤, 새 버전으로 런처를 다시 시작합니다.
Update and restart	Mettre à jour et redémarrer	Actualizar y reiniciar	Aggiorna e riavvia	更新して再起動	업데이트 후 다시 시작
  %u G	  %u G	  %u G	  %u G	  %u G	  %u G
live updates on	mises à jour en direct activées	actualizaciones en vivo activadas	aggiornamenti in tempo reale attivi	リアルタイム更新: オン	실시간 업데이트 켜짐
live updates off	mises à jour en direct désactivées	actualizaciones en vivo desactivadas	aggiornamenti in tempo reale disattivi	リアルタイム更新: オフ	실시간 업데이트 꺼짐
Account	Compte	Cuenta	Account	アカウント	계정
Switch account	Changer de compte	Cambiar de cuenta	Cambia account	アカウント切替	계정 전환
  (needs password)	  (mot de passe requis)	  (necesita contraseña)	  (serve la password)	  （パスワードが必要）	  (비밀번호 필요)
Add another account...	Ajouter un autre compte...	Añadir otra cuenta...	Aggiungi un altro account...	別のアカウントを追加...	다른 계정 추가...
Games	Jeux	Juegos	Giochi	ゲーム	게임
Releases come from GitHub as %s builds (this launcher's own kind), checked against the release's SHA256SUMS. You supply your own copy of each game.	Les versions viennent de GitHub sous forme de builds %s (le même type que ce lanceur), vérifiées avec le SHA256SUMS de la version. Vous fournissez votre propre copie de chaque jeu.	Las versiones vienen de GitHub como builds %s (el mismo tipo que este lanzador), comprobadas con el SHA256SUMS de la versión. Tú aportas tu propia copia de cada juego.	Le versioni arrivano da GitHub come build %s (lo stesso tipo di questo launcher), verificate con lo SHA256SUMS della versione. La copia di ogni gioco la fornisci tu.	リリースは GitHub から %s 形式（このランチャーと同じ形式）で取得し、リリースの SHA256SUMS で検証します。各ゲームのデータはご自身で用意してください。	릴리스는 GitHub에서 %s 빌드(이 런처와 같은 형식)로 받아 릴리스의 SHA256SUMS로 검증합니다. 각 게임의 데이터는 직접 준비해야 합니다.
checking for new releases...	recherche de nouvelles versions...	buscando nuevas versiones...	ricerca di nuove versioni...	新しいリリースを確認中...	새 릴리스 확인 중...
could not check for releases: %s	impossible de vérifier les versions : %s	no se pudieron comprobar las versiones: %s	impossibile controllare le versioni: %s	リリースを確認できません: %s	릴리스를 확인할 수 없습니다: %s
- tried again every 5 minutes	- nouvel essai toutes les 5 minutes	- se reintenta cada 5 minutos	- si riprova ogni 5 minuti	- 5分ごとに再試行します	- 5분마다 다시 시도합니다
releases checked just now - again in 5 minutes	versions vérifiées à l'instant - à nouveau dans 5 minutes	versiones comprobadas ahora mismo - de nuevo en 5 minutos	versioni controllate adesso - di nuovo tra 5 minuti	リリースを確認しました - 5分後に再確認	방금 릴리스 확인함 - 5분 후 다시 확인
releases checked %d min ago - again every 5 minutes	versions vérifiées il y a %d min - à nouveau toutes les 5 minutes	versiones comprobadas hace %d min - de nuevo cada 5 minutos	versioni controllate %d min fa - di nuovo ogni 5 minuti	%d 分前にリリースを確認 - 5分ごとに再確認	%d분 전 릴리스 확인 - 5분마다 다시 확인
installed under %s	installé sous %s	instalado en %s	installato in %s	インストール先: %s	설치 위치: %s
Builds from launcher.json	Builds de launcher.json	Builds de launcher.json	Build da launcher.json	launcher.json のビルド	launcher.json의 빌드
Invitations	Invitations	Invitaciones	Inviti	招待	초대
nothing waiting	rien en attente	nada pendiente	niente in attesa	待機中のものはありません	대기 중인 항목 없음
When a friend invites you into their game it lands here, and as a notification. Accept starts the game if it is not running.	Quand un ami vous invite dans sa partie, l'invitation arrive ici, et sous forme de notification. Accepter lance le jeu s'il n'est pas déjà ouvert.	Cuando un amigo te invita a su partida, aparece aquí y como notificación. Aceptar inicia el juego si no está abierto.	Quando un amico ti invita nella sua partita, l'invito arriva qui e come notifica. Accetta avvia il gioco se non è aperto.	フレンドからゲームに招待されると、ここと通知に届きます。「承認」で、ゲームが起動していなければ起動します。	친구가 게임에 초대하면 여기와 알림에 표시됩니다. 수락하면 게임이 실행 중이 아닐 때 게임을 시작합니다.
invited you to %s	vous a invité à %s	te ha invitado a %s	ti ha invitato a %s	から %s に招待	님이 %s에 초대했습니다
accepting tells the running game; it joins from there	accepter prévient le jeu en cours ; il rejoint à partir de là	al aceptar se avisa al juego abierto; se une desde ahí	accettando si avvisa il gioco aperto; entra da lì	承認すると起動中のゲームに伝わり、そこから参加します	수락하면 실행 중인 게임에 전달되어 거기서 참가합니다
not configured here: accepting will not launch anything	non configuré ici : accepter ne lancera rien	no está configurado aquí: aceptar no iniciará nada	non configurato qui: accettando non si avvia nulla	ここでは設定されていません。承認しても何も起動しません	여기에는 설정되어 있지 않습니다. 수락해도 아무것도 실행되지 않습니다
accepting launches %s	accepter lance %s	al aceptar se inicia %s	accettando si avvia %s	承認すると %s が起動します	수락하면 %s이(가) 실행됩니다
This capture is broken	Cette capture est corrompue	Esta captura está dañada	Questa cattura è danneggiata	このキャプチャは壊れています	이 캡처는 손상되었습니다
It cannot be sent. Delete it, or capture again in the game.	Elle ne peut pas être envoyée. Supprimez-la, ou refaites une capture dans le jeu.	No se puede enviar. Bórrala o vuelve a capturar en el juego.	Non può essere inviata. Eliminala, o cattura di nuovo nel gioco.	送信できません。削除するか、ゲーム内でもう一度キャプチャしてください。	보낼 수 없습니다. 삭제하거나 게임에서 다시 캡처하세요.
Delete it	Supprimer	Borrarla	Eliminala	削除	삭제
%s%scaptured %s%s%s	%s%scapturé le %s%s%s	%s%scapturado el %s%s%s	%s%scatturato il %s%s%s	%s%s%s にキャプチャ%s%s	%s%s%s 캡처%s%s
 with 	 avec 	 con 	 con 	（	 (
What will be sent with your words	Ce qui sera envoyé avec vos mots	Lo que se enviará con tus palabras	Cosa verrà inviato con le tue parole	あなたの説明と一緒に送られるもの	설명과 함께 전송되는 항목
%s - missing	%s - manquant	%s - falta	%s - mancante	%s - 見つかりません	%s - 없음
your machine: %s	votre machine : %s	tu equipo: %s	il tuo computer: %s	お使いの環境: %s	내 컴퓨터: %s
Only the developer sees the files and your machine. Everyone can read the title, what happened and how to reproduce, so the next person with the same bug finds yours.	Seul le développeur voit les fichiers et votre machine. Tout le monde peut lire le titre, ce qui s'est passé et comment le reproduire, pour que la prochaine personne avec le même bug trouve le vôtre.	Solo el desarrollador ve los archivos y tu equipo. Todos pueden leer el título, qué pasó y cómo reproducirlo, para que la siguiente persona con el mismo error encuentre el tuyo.	Solo lo sviluppatore vede i file e il tuo computer. Tutti possono leggere il titolo, cosa è successo e come riprodurlo, così la prossima persona con lo stesso bug trova il tuo.	ファイルと環境情報を見られるのは開発者だけです。タイトル・何が起きたか・再現手順は誰でも読めるので、同じバグに遭った人があなたの報告を見つけられます。	파일과 컴퓨터 정보는 개발자만 볼 수 있습니다. 제목, 발생 내용, 재현 방법은 누구나 읽을 수 있어 같은 버그를 겪는 사람이 찾을 수 있습니다.
Title	Titre	Título	Titolo	タイトル	제목
one line: what is wrong	une ligne : ce qui ne va pas	una línea: qué falla	una riga: cosa non va	一行で：何が問題か	한 줄로: 무엇이 문제인지
What happened	Ce qui s'est passé	Qué pasó	Cosa è successo	何が起きたか	무슨 일이 있었나요
How to make it happen again	Comment le reproduire	Cómo reproducirlo	Come riprodurlo	再現手順	재현 방법
if you know	si vous savez	si lo sabes	se lo sai	わかれば	알고 있다면
Send to the developer	Envoyer au développeur	Enviar al desarrollador	Invia allo sviluppatore	開発者に送信	개발자에게 보내기
Delete, it was nothing	Supprimer, ce n'était rien	Borrar, no era nada	Elimina, non era niente	削除（何でもなかった）	삭제 (문제 아님)
Sending...	Envoi...	Enviando...	Invio...	送信中...	보내는 중...
Reported by	Signalé par	Reportado por	Segnalato da	報告者	보고자
Loading...	Chargement...	Cargando...	Caricamento...	読み込み中...	불러오는 중...
captured %s	capturé le %s	capturado el %s	catturato il %s	%s にキャプチャ	%s 캡처
Capture	Capture	Captura	Cattura	キャプチャ	캡처
%s (%s) - not fetched	%s (%s) - non récupéré	%s (%s) - no descargado	%s (%s) - non scaricato	%s (%s) - 未取得	%s (%s) - 받지 않음
no files	aucun fichier	sin archivos	nessun file	ファイルなし	파일 없음
Fetch again (%s)	Récupérer à nouveau (%s)	Descargar de nuevo (%s)	Scarica di nuovo (%s)	再取得 (%s)	다시 받기 (%s)
Fetch the capture (%s)	Récupérer la capture (%s)	Descargar la captura (%s)	Scarica la cattura (%s)	キャプチャを取得 (%s)	캡처 받기 (%s)
Fetching, %zu to go...	Récupération, %zu restants...	Descargando, faltan %zu...	Scaricamento, ne mancano %zu...	取得中、残り %zu...	받는 중, %zu개 남음...
Open folder	Ouvrir le dossier	Abrir carpeta	Apri cartella	フォルダーを開く	폴더 열기
State	État	Estado	Stato	状態	상태
Delete this report	Supprimer ce rapport	Borrar este informe	Elimina questa segnalazione	この報告を削除	이 보고서 삭제
reported %s%s	signalé le %s%s	reportado el %s%s	segnalato il %s%s	%s に報告%s	%s 보고됨%s
 by you	 par vous	 por ti	 da te	（あなた）	 (나)
not given	non indiqué	no indicado	non indicato	未記入	입력되지 않음
Delete my report	Supprimer mon rapport	Borrar mi informe	Elimina la mia segnalazione	自分の報告を削除	내 보고서 삭제
Issues	Problèmes	Problemas	Problemi	問題	문제
bug reports	rapports de bugs	informes de errores	segnalazioni di bug	バグ報告	버그 보고
Rescan	Rescanner	Volver a buscar	Ricerca	再スキャン	다시 검색
Your captures	Vos captures	Tus capturas	Le tue catture	あなたのキャプチャ	내 캡처
none	aucune	ninguna	nessuna	なし	없음
Press the capture key in the game when something goes wrong. It shows up here for you to describe and send, or delete.	Appuyez sur la touche de capture dans le jeu quand quelque chose ne va pas. Elle apparaît ici pour que vous la décriviez et l'envoyiez, ou la supprimiez.	Pulsa la tecla de captura en el juego cuando algo falle. Aparecerá aquí para que la describas y la envíes, o la borres.	Premi il tasto di cattura nel gioco quando qualcosa non va. Comparirà qui perché tu la descriva e la invii, o la elimini.	ゲーム内で問題が起きたらキャプチャキーを押してください。ここに表示され、説明を付けて送信するか削除できます。	게임에서 문제가 생기면 캡처 키를 누르세요. 여기에 표시되며 설명을 적어 보내거나 삭제할 수 있습니다.
  (broken)	  (corrompue)	  (dañada)	  (danneggiata)	  （破損）	  (손상됨)
Reported	Signalés	Reportados	Segnalati	報告済み	보고됨
Every report, newest first. Words search instead.	Tous les rapports, du plus récent au plus ancien. Les mots lancent une recherche.	Todos los informes, los más recientes primero. Las palabras buscan.	Tutte le segnalazioni, dalla più recente. Le parole cercano.	すべての報告（新しい順）。語句を入れると検索します。	모든 보고서, 최신순. 단어를 입력하면 검색합니다.
Search before you send: yours may be known.	Cherchez avant d'envoyer : le vôtre est peut-être déjà connu.	Busca antes de enviar: puede que el tuyo ya se conozca.	Cerca prima di inviare: il tuo potrebbe già essere noto.	送る前に検索を。同じ問題が既に報告されているかもしれません。	보내기 전에 검색하세요. 이미 알려진 문제일 수 있습니다.
All games	Tous les jeux	Todos los juegos	Tutti i giochi	すべてのゲーム	모든 게임
words to look for	mots à chercher	palabras a buscar	parole da cercare	検索する語句	검색어
Searching...	Recherche...	Buscando...	Ricerca...	検索中...	검색 중...
nothing reported yet	rien de signalé pour l'instant	aún no hay informes	nessuna segnalazione ancora	まだ報告はありません	아직 보고된 문제가 없습니다
nothing matches	aucun résultat	nada coincide	nessun risultato	一致するものはありません	일치하는 항목 없음
   yours	   à vous	   tuyo	   tuo	   あなた	   내 것
Bug reports	Rapports de bugs	Informes de errores	Segnalazioni di bug	バグ報告	버그 보고
When something goes wrong in a game, press its capture key: it saves a screenshot, the log from the last minute and what your machine is, and the capture appears on the left. Pick it, say what happened and how to make it happen again, and send it - or delete it if it was nothing.	Quand quelque chose ne va pas dans un jeu, appuyez sur sa touche de capture : elle enregistre une capture d'écran, le journal de la dernière minute et la description de votre machine, et la capture apparaît à gauche. Sélectionnez-la, dites ce qui s'est passé et comment le reproduire, puis envoyez-la - ou supprimez-la si ce n'était rien.	Cuando algo falla en un juego, pulsa su tecla de captura: guarda una captura de pantalla, el registro del último minuto y los datos de tu equipo, y la captura aparece a la izquierda. Selecciónala, cuenta qué pasó y cómo reproducirlo, y envíala - o bórrala si no era nada.	Quando qualcosa non va in un gioco, premi il suo tasto di cattura: salva uno screenshot, il log dell'ultimo minuto e i dati del tuo computer, e la cattura compare a sinistra. Selezionala, racconta cosa è successo e come riprodurlo, e inviala - o eliminala se non era niente.	ゲームで問題が起きたら、そのゲームのキャプチャキーを押してください。スクリーンショット、直前1分間のログ、環境情報が保存され、左側に表示されます。選択して、何が起きたか・再現手順を書いて送信してください。何でもなければ削除できます。	게임에서 문제가 생기면 캡처 키를 누르세요. 스크린샷, 마지막 1분의 로그, 컴퓨터 정보가 저장되고 왼쪽에 표시됩니다. 선택해서 무슨 일이 있었는지와 재현 방법을 적어 보내거나, 별일 아니면 삭제하세요.
Everyone can read the words of every report and search them. Only the developer sees the screenshot, the log and your machine.	Tout le monde peut lire les mots de chaque rapport et les chercher. Seul le développeur voit la capture d'écran, le journal et votre machine.	Todos pueden leer las palabras de cada informe y buscarlas. Solo el desarrollador ve la captura de pantalla, el registro y tu equipo.	Tutti possono leggere le parole di ogni segnalazione e cercarle. Solo lo sviluppatore vede lo screenshot, il log e il tuo computer.	報告の文章は誰でも読めて検索できます。スクリーンショット、ログ、環境情報を見られるのは開発者だけです。	보고서의 글은 누구나 읽고 검색할 수 있습니다. 스크린샷, 로그, 컴퓨터 정보는 개발자만 볼 수 있습니다.
You: 	Vous : 	Tú: 	Tu: 	あなた: 	나:
Messages	Messages	Mensajes	Messaggi	メッセージ	메시지
Add a friend on the Friends tab; messages go between friends.	Ajoutez un ami dans l'onglet Amis ; les messages s'échangent entre amis.	Añade un amigo en la pestaña Amigos; los mensajes son entre amigos.	Aggiungi un amico nella scheda Amici; i messaggi vanno tra amici.	フレンドタブでフレンドを追加してください。メッセージはフレンド同士で送れます。	친구 탭에서 친구를 추가하세요. 메시지는 친구끼리 주고받습니다.
Pick someone to read your messages with them. A message is up to 256 characters; the last 20 between you are kept.	Choisissez quelqu'un pour lire vos messages avec lui. Un message fait jusqu'à 256 caractères ; les 20 derniers entre vous sont conservés.	Elige a alguien para leer tus mensajes con esa persona. Un mensaje tiene hasta 256 caracteres; se guardan los últimos 20 entre vosotros.	Scegli qualcuno per leggere i messaggi con lui. Un messaggio arriva a 256 caratteri; gli ultimi 20 tra voi vengono conservati.	相手を選ぶとメッセージを読めます。1通は最大256文字、直近20通が保存されます。	상대를 선택하면 메시지를 읽을 수 있습니다. 메시지는 최대 256자이며 최근 20개가 보관됩니다.
not a friend any more; you can read, not write	plus un ami ; vous pouvez lire, pas écrire	ya no es tu amigo; puedes leer, no escribir	non è più tuo amico; puoi leggere, non scrivere	もうフレンドではありません。閲覧のみ可能です	더 이상 친구가 아닙니다. 읽기만 가능합니다
No messages yet. Say hello.	Pas encore de messages. Dites bonjour.	Aún no hay mensajes. Saluda.	Nessun messaggio ancora. Saluta.	まだメッセージはありません。挨拶してみましょう。	아직 메시지가 없습니다. 인사해 보세요.
Send	Envoyer	Enviar	Invia	送信	보내기
sending...	envoi...	enviando...	invio...	送信中...	보내는 중...
unlocked	débloqué	desbloqueado	sbloccato	解除済み	달성
%s has not accepted you as a friend yet.	%s ne vous a pas encore accepté comme ami.	%s aún no te ha aceptado como amigo.	%s non ti ha ancora accettato come amico.	%s はまだあなたをフレンドとして承認していません。	%s님이 아직 친구 요청을 수락하지 않았습니다.
%s: %u / %u G, %u of %zu	%s : %u / %u G, %u sur %zu	%s: %u / %u G, %u de %zu	%s: %u / %u G, %u su %zu	%s: %u / %u G、%u / %zu	%s: %u / %u G, %u개 / 전체 %zu개
You: %u / %u G, %u of %zu	Vous : %u / %u G, %u sur %zu	Tú: %u / %u G, %u de %zu	Tu: %u / %u G, %u su %zu	あなた: %u / %u G、%u / %zu	나: %u / %u G, %u개 / 전체 %zu개
Every achievement	Tous les succès	Todos los logros	Tutti gli obiettivi	すべての実績	모든 도전 과제
Only what they have and you don't	Seulement ce qu'ils ont et pas vous	Solo lo que tienen y tú no	Solo quelli che hanno loro e tu no	相手だけが持っているもの	상대만 달성한 것
Only what you have and they don't	Seulement ce que vous avez et pas eux	Solo lo que tienes tú y ellos no	Solo quelli che hai tu e loro no	あなただけが持っているもの	나만 달성한 것
Nothing they have that you don't.	Rien qu'ils ont et pas vous.	Nada que tengan y tú no.	Niente che abbiano loro e tu no.	相手だけが持っている実績はありません。	상대만 달성한 것이 없습니다.
Nothing you have that they don't.	Rien que vous avez et pas eux.	Nada que tengas tú y ellos no.	Niente che abbia tu e loro no.	あなただけが持っている実績はありません。	나만 달성한 것이 없습니다.
< Friends	< Amis	< Amigos	< Amici	< フレンド	< 친구
- member since %s	- membre depuis le %s	- miembro desde el %s	- membro dal %s	- %s から参加	- %s 가입
Remove friend	Retirer l'ami	Quitar amigo	Rimuovi amico	フレンドを削除	친구 삭제
Accept request	Accepter la demande	Aceptar solicitud	Accetta richiesta	申請を承認	요청 수락
friend request sent	demande d'ami envoyée	solicitud de amistad enviada	richiesta di amicizia inviata	フレンド申請を送信しました	친구 요청 보냄
%s's achievements are visible to the friends they have accepted.	Les succès de %s sont visibles par les amis qu'il a acceptés.	Los logros de %s son visibles para los amigos que ha aceptado.	Gli obiettivi di %s sono visibili agli amici che ha accettato.	%s の実績は、承認したフレンドにのみ表示されます。	%s님의 도전 과제는 수락한 친구에게만 표시됩니다.
This server has no titles imported.	Ce serveur n'a aucun jeu importé.	Este servidor no tiene juegos importados.	Questo server non ha giochi importati.	このサーバーにはタイトルが登録されていません。	이 서버에 등록된 타이틀이 없습니다.
- last unlock %s	- dernier débloqué le %s	- último desbloqueo el %s	- ultimo sbloccato il %s	- 最終解除 %s	- 마지막 달성 %s
Comparing	Comparaison	Comparando	Confronto	比較中	비교 중
Compare achievements	Comparer les succès	Comparar logros	Confronta obiettivi	実績を比較	도전 과제 비교
Back	Retour	Volver	Indietro	戻る	뒤로
Saved accounts	Comptes enregistrés	Cuentas guardadas	Account salvati	保存済みアカウント	저장된 계정
Use	Utiliser	Usar	Usa	使用	사용
Forget	Oublier	Olvidar	Dimentica	削除	잊기
Add another account	Ajouter un autre compte	Añadir otra cuenta	Aggiungi un altro account	別のアカウントを追加	다른 계정 추가
Or sign in	Ou se connecter	O iniciar sesión	Oppure accedi	またはサインイン	또는 로그인
Create an account	Créer un compte	Crear una cuenta	Crea un account	アカウントを作成	계정 만들기
Forgot your password	Mot de passe oublié	Contraseña olvidada	Password dimenticata	パスワードを忘れた場合	비밀번호를 잊으셨나요
A new password was sent to %s.	Un nouveau mot de passe a été envoyé à %s.	Se ha enviado una nueva contraseña a %s.	Una nuova password è stata inviata a %s.	新しいパスワードを %s に送りました。	새 비밀번호를 %s(으)로 보냈습니다.
Sign in with it here (check spam if it is not there). It works for 24 hours; your old password still works until you use the new one. Once in, change it under Account.	Connectez-vous avec ici (vérifiez les spams s'il n'est pas là). Il est valable 24 heures ; votre ancien mot de passe fonctionne encore jusqu'à ce que vous utilisiez le nouveau. Une fois connecté, changez-le dans Compte.	Inicia sesión con ella aquí (mira el spam si no está). Vale 24 horas; tu contraseña antigua sigue funcionando hasta que uses la nueva. Una vez dentro, cámbiala en Cuenta.	Accedi qui con quella (controlla lo spam se non la trovi). Vale 24 ore; la vecchia password funziona ancora finché non usi la nuova. Una volta dentro, cambiala in Account.	そのパスワードでここからサインインしてください（届かない場合は迷惑メールも確認）。有効期間は24時間で、新しい方を使うまでは古いパスワードも使えます。サインイン後、アカウント画面で変更してください。	그 비밀번호로 여기서 로그인하세요(없으면 스팸함 확인). 24시간 동안 유효하며, 새 비밀번호를 사용하기 전까지 기존 비밀번호도 작동합니다. 로그인 후 계정에서 변경하세요.
Gamertag	Gamertag	Gamertag	Gamertag	ゲーマータグ	게이머태그
Sign in	Se connecter	Iniciar sesión	Accedi	サインイン	로그인
Forgot your password?	Mot de passe oublié ?	¿Olvidaste tu contraseña?	Password dimenticata?	パスワードを忘れましたか？	비밀번호를 잊으셨나요?
Email	E-mail	Correo	E-mail	メール	이메일
optional	facultatif	opcional	facoltativo	任意	선택
Only used to get back in if you forget your password. Nothing else is ever sent to it: no news, no updates, nothing. It is never shown to other players.	Utilisé uniquement pour récupérer l'accès si vous oubliez votre mot de passe. Rien d'autre n'y est jamais envoyé : ni actualités, ni mises à jour, rien. Il n'est jamais montré aux autres joueurs.	Solo se usa para recuperar el acceso si olvidas tu contraseña. Nunca se envía nada más: ni noticias, ni novedades, nada. Nunca se muestra a otros jugadores.	Usata solo per rientrare se dimentichi la password. Non viene mai inviato altro: niente notizie, niente aggiornamenti, niente. Non è mai mostrata agli altri giocatori.	パスワードを忘れたときの復旧にのみ使います。お知らせや更新情報など、他のメールは一切送りません。他のプレイヤーに表示されることもありません。	비밀번호를 잊었을 때 복구 용도로만 사용됩니다. 소식, 업데이트 등 다른 메일은 절대 보내지 않으며, 다른 플레이어에게 표시되지 않습니다.
Without one, a forgotten password means the account is lost.	Sans e-mail, un mot de passe oublié signifie un compte perdu.	Sin correo, una contraseña olvidada significa perder la cuenta.	Senza, una password dimenticata significa perdere l'account.	未設定の場合、パスワードを忘れるとアカウントは失われます。	이메일이 없으면 비밀번호를 잊었을 때 계정을 잃게 됩니다.
Create account	Créer le compte	Crear cuenta	Crea account	アカウント作成	계정 만들기
Already have an account? Sign in	Vous avez déjà un compte ? Se connecter	¿Ya tienes una cuenta? Inicia sesión	Hai già un account? Accedi	アカウントをお持ちですか？サインイン	이미 계정이 있나요? 로그인
A new password goes to the email you gave when you created the account. Your current password keeps working until you sign in with the new one; change it afterwards under Account. An account created without an email cannot be recovered.	Un nouveau mot de passe est envoyé à l'e-mail donné à la création du compte. Votre mot de passe actuel fonctionne encore jusqu'à ce que vous vous connectiez avec le nouveau ; changez-le ensuite dans Compte. Un compte créé sans e-mail ne peut pas être récupéré.	Se envía una nueva contraseña al correo que diste al crear la cuenta. Tu contraseña actual sigue funcionando hasta que inicies sesión con la nueva; cámbiala después en Cuenta. Una cuenta creada sin correo no se puede recuperar.	Una nuova password va all'e-mail data alla creazione dell'account. La password attuale funziona ancora finché non accedi con la nuova; cambiala poi in Account. Un account creato senza e-mail non può essere recuperato.	アカウント作成時に登録したメールアドレスに新しいパスワードを送ります。新しい方でサインインするまで現在のパスワードも使えます。サインイン後、アカウント画面で変更してください。メール未登録のアカウントは復旧できません。	계정을 만들 때 입력한 이메일로 새 비밀번호를 보냅니다. 새 비밀번호로 로그인하기 전까지 현재 비밀번호도 작동합니다. 로그인 후 계정에서 변경하세요. 이메일 없이 만든 계정은 복구할 수 없습니다.
Email me a new password	M'envoyer un nouveau mot de passe	Enviarme una nueva contraseña	Inviami una nuova password	新しいパスワードをメールで受け取る	새 비밀번호 이메일로 받기
Back to sign in	Retour à la connexion	Volver a iniciar sesión	Torna all'accesso	サインインに戻る	로그인으로 돌아가기
Advanced: server	Avancé : serveur	Avanzado: servidor	Avanzate: server	詳細：サーバー	고급: 서버
Use this server	Utiliser ce serveur	Usar este servidor	Usa questo server	このサーバーを使う	이 서버 사용
Back to the default	Revenir au serveur par défaut	Volver al predeterminado	Torna al predefinito	既定に戻す	기본값으로 되돌리기
allow_insecure is on in launcher.json: plain http, no certificate check	allow_insecure est activé dans launcher.json : http en clair, aucune vérification de certificat	allow_insecure está activado en launcher.json: http sin cifrar, sin comprobar certificados	allow_insecure è attivo in launcher.json: http in chiaro, nessun controllo del certificato	launcher.json で allow_insecure が有効です：平文 http、証明書は検証しません	launcher.json에서 allow_insecure가 켜져 있습니다: 평문 http, 인증서 검사 없음
Signing in...	Connexion...	Iniciando sesión...	Accesso...	サインイン中...	로그인 중...
Creating the account...	Création du compte...	Creando la cuenta...	Creazione dell'account...	アカウント作成中...	계정 만드는 중...
Sending the mail...	Envoi de l'e-mail...	Enviando el correo...	Invio dell'e-mail...	メール送信中...	메일 보내는 중...
A gamertag starts with a letter and is at most 15 letters, digits and single spaces.	Un gamertag commence par une lettre et fait au plus 15 lettres, chiffres et espaces simples.	Un gamertag empieza por una letra y tiene como máximo 15 letras, cifras y espacios simples.	Un gamertag inizia con una lettera ed è al massimo 15 lettere, cifre e spazi singoli.	ゲーマータグは英字で始まり、英字・数字・単一スペースで最大15文字です。	게이머태그는 영문자로 시작하고 영문자, 숫자, 단일 공백으로 최대 15자입니다.
That does not look like an email address. Leave it empty if you would rather not give one.	Cela ne ressemble pas à une adresse e-mail. Laissez vide si vous préférez ne pas en donner.	Eso no parece una dirección de correo. Déjalo vacío si prefieres no dar una.	Non sembra un indirizzo e-mail. Lascialo vuoto se preferisci non darne uno.	メールアドレスの形式ではありません。登録しない場合は空欄のままにしてください。	이메일 주소 형식이 아닙니다. 입력하지 않으려면 비워 두세요.
That gamertag (or email) already has an account.	Ce gamertag (ou cet e-mail) a déjà un compte.	Ese gamertag (o correo) ya tiene una cuenta.	Questo gamertag (o e-mail) ha già un account.	このゲーマータグ（またはメール）は既に使われています。	이 게이머태그(또는 이메일)는 이미 계정이 있습니다.
No account has that gamertag.	Aucun compte n'a ce gamertag.	Ninguna cuenta tiene ese gamertag.	Nessun account ha questo gamertag.	このゲーマータグのアカウントはありません。	이 게이머태그의 계정이 없습니다.
This account was created without an email, so there is nowhere to send a new password. It cannot be recovered.	Ce compte a été créé sans e-mail, il n'y a donc nulle part où envoyer un nouveau mot de passe. Il ne peut pas être récupéré.	Esta cuenta se creó sin correo, así que no hay dónde enviar una nueva contraseña. No se puede recuperar.	Questo account è stato creato senza e-mail, quindi non c'è dove inviare una nuova password. Non può essere recuperato.	このアカウントはメール未登録で作成されたため、新しいパスワードの送り先がありません。復旧できません。	이 계정은 이메일 없이 만들어져 새 비밀번호를 보낼 곳이 없습니다. 복구할 수 없습니다.
This server cannot send email, so it cannot recover accounts.	Ce serveur ne peut pas envoyer d'e-mails, il ne peut donc pas récupérer les comptes.	Este servidor no puede enviar correos, así que no puede recuperar cuentas.	Questo server non può inviare e-mail, quindi non può recuperare gli account.	このサーバーはメールを送信できないため、アカウントを復旧できません。	이 서버는 이메일을 보낼 수 없어 계정을 복구할 수 없습니다.
The server could not send the mail just now. Try again in a minute.	Le serveur n'a pas pu envoyer l'e-mail. Réessayez dans une minute.	El servidor no pudo enviar el correo ahora. Inténtalo en un minuto.	Il server non è riuscito a inviare l'e-mail. Riprova tra un minuto.	サーバーがメールを送信できませんでした。1分ほど待って再試行してください。	서버가 지금 메일을 보내지 못했습니다. 잠시 후 다시 시도하세요.
A new password was mailed a moment ago. Check the inbox (and spam); another can be sent in 15 minutes.	Un nouveau mot de passe a été envoyé il y a un instant. Vérifiez la boîte de réception (et les spams) ; un autre pourra être envoyé dans 15 minutes.	Se envió una nueva contraseña hace un momento. Mira la bandeja de entrada (y el spam); se podrá enviar otra en 15 minutos.	Una nuova password è stata inviata poco fa. Controlla la posta (e lo spam); un'altra potrà essere inviata tra 15 minuti.	新しいパスワードは先ほど送信済みです。受信トレイ（と迷惑メール）を確認してください。次の送信は15分後に可能です。	새 비밀번호를 방금 보냈습니다. 받은편지함(과 스팸함)을 확인하세요. 15분 후에 다시 보낼 수 있습니다.
Too many tries from this address. Wait a while.	Trop de tentatives depuis cette adresse. Patientez un peu.	Demasiados intentos desde esta dirección. Espera un poco.	Troppi tentativi da questo indirizzo. Aspetta un po'.	このアドレスからの試行が多すぎます。しばらく待ってください。	이 주소에서 시도가 너무 많습니다. 잠시 기다리세요.
No server is configured: open Advanced and press Back to the default.	Aucun serveur n'est configuré : ouvrez Avancé et appuyez sur Revenir au serveur par défaut.	No hay servidor configurado: abre Avanzado y pulsa Volver al predeterminado.	Nessun server configurato: apri Avanzate e premi Torna al predefinito.	サーバーが設定されていません。「詳細」を開いて「既定に戻す」を押してください。	서버가 설정되지 않았습니다. 고급을 열고 기본값으로 되돌리기를 누르세요.
Open	Ouvrir	Abrir	Apri	開く	열기
Support XenonLive	Soutenir XenonLive	Apoyar a XenonLive	Sostieni XenonLive	XenonLive を支援	XenonLive 후원
XenonLive is a spare-time project by one developer, built with AI assistance: the ports, this launcher, the overlay, and the server that keeps your friends, invitations, messages and achievements. Running that server costs money every month, and the rest costs evenings. If it has given you something, here is how to give a little back.	XenonLive est un projet de temps libre d'un seul développeur, réalisé avec l'aide de l'IA : les ports, ce lanceur, l'overlay et le serveur qui conserve vos amis, invitations, messages et succès. Faire tourner ce serveur coûte de l'argent chaque mois, et le reste coûte des soirées. Si cela vous a apporté quelque chose, voici comment rendre un peu.	XenonLive es un proyecto de tiempo libre de un solo desarrollador, hecho con ayuda de IA: los ports, este lanzador, el overlay y el servidor que guarda tus amigos, invitaciones, mensajes y logros. Mantener ese servidor cuesta dinero cada mes, y el resto cuesta tardes. Si te ha aportado algo, así puedes devolver un poco.	XenonLive è un progetto nel tempo libero di un solo sviluppatore, realizzato con l'aiuto dell'IA: i port, questo launcher, l'overlay e il server che conserva amici, inviti, messaggi e obiettivi. Far girare quel server costa soldi ogni mese, e il resto costa serate. Se ti ha dato qualcosa, ecco come restituire un po'.	XenonLive は一人の開発者が余暇に AI の支援を受けて作っているプロジェクトです。移植版、このランチャー、オーバーレイ、そしてフレンド・招待・メッセージ・実績を保持するサーバー。サーバーの運用には毎月費用がかかり、それ以外には夜の時間がかかっています。何か得るものがあったなら、少しお返しいただける方法がこちらです。	XenonLive는 한 명의 개발자가 여가 시간에 AI의 도움을 받아 만드는 프로젝트입니다. 포트, 이 런처, 오버레이, 그리고 친구·초대·메시지·도전 과제를 보관하는 서버까지. 서버 운영에는 매달 비용이 들고, 나머지는 저녁 시간이 듭니다. 얻은 것이 있다면, 조금 돌려줄 방법은 이렇습니다.
Sponsor	Sponsoriser	Patrocinar	Sostieni	スポンサー	후원
Contribute	Contribuer	Contribuir	Contribuisci	貢献	기여
A clear bug report is a contribution. So is a fix.	Un rapport de bug clair est une contribution. Un correctif aussi.	Un informe de error claro es una contribución. Una corrección también.	Una segnalazione di bug chiara è un contributo. Anche una correzione lo è.	わかりやすいバグ報告も貢献です。修正も同じく。	명확한 버그 보고도 기여입니다. 수정도 마찬가지입니다.
Thank you for playing.	Merci de jouer.	Gracias por jugar.	Grazie per giocare.	遊んでくれてありがとう。	플레이해 주셔서 감사합니다.
the XenonLive client could not start	le client XenonLive n'a pas pu démarrer	el cliente de XenonLive no pudo iniciarse	il client XenonLive non è riuscito ad avviarsi	XenonLive クライアントを起動できませんでした	XenonLive 클라이언트를 시작할 수 없습니다
Could not save launcher.json: 	Impossible d'enregistrer launcher.json : 	No se pudo guardar launcher.json: 	Impossibile salvare launcher.json: 	launcher.json を保存できません: 	launcher.json을 저장할 수 없습니다:
that account needs its password again	ce compte a de nouveau besoin de son mot de passe	esa cuenta necesita su contraseña de nuevo	quell'account richiede di nuovo la password	このアカウントは再度パスワードが必要です	이 계정은 비밀번호를 다시 입력해야 합니다
quit the running game first: it holds the current account's session	quittez d'abord le jeu en cours : il détient la session du compte actuel	cierra primero el juego abierto: tiene la sesión de la cuenta actual	chiudi prima il gioco aperto: detiene la sessione dell'account attuale	先に起動中のゲームを終了してください。現在のアカウントのセッションを保持しています	먼저 실행 중인 게임을 종료하세요. 현재 계정의 세션을 갖고 있습니다
could not write session.json	impossible d'écrire session.json	no se pudo escribir session.json	impossibile scrivere session.json	session.json を書き込めません	session.json을 쓸 수 없습니다
title 	titre 	título 	titolo 	タイトル 	타이틀
 failed: 	 a échoué : 	 ha fallado: 	 non riuscito: 	 に失敗: 	 실패:
it is over 256 characters	il dépasse 256 caractères	supera los 256 caracteres	supera i 256 caratteri	256文字を超えています	256자를 초과했습니다
you are not friends	vous n'êtes pas amis	no sois amigos	non siete amici	フレンドではありません	친구가 아닙니다
Message not sent: 	Message non envoyé : 	Mensaje no enviado: 	Messaggio non inviato: 	メッセージを送れません: 	메시지를 보내지 못함:
Recovery email saved	E-mail de récupération enregistré	Correo de recuperación guardado	E-mail di recupero salvata	復旧用メールアドレスを保存しました	복구용 이메일 저장됨
Country saved	Pays enregistré	País guardado	Paese salvato	国を保存しました	국가 저장됨
Password changed; every other device is signed out	Mot de passe changé ; tous les autres appareils sont déconnectés	Contraseña cambiada; se ha cerrado la sesión en los demás dispositivos	Password cambiata; tutti gli altri dispositivi sono disconnessi	パスワードを変更しました。他の端末はすべてサインアウトされました	비밀번호 변경됨. 다른 모든 기기에서 로그아웃되었습니다
Bug report sent: 	Rapport de bug envoyé : 	Informe de error enviado: 	Segnalazione di bug inviata: 	バグ報告を送信しました: 	버그 보고 전송됨:
at most 10 reports a day	au plus 10 rapports par jour	como máximo 10 informes al día	al massimo 10 segnalazioni al giorno	1日あたり最大10件です	하루 최대 10건입니다
could not read 	impossible de lire 	no se pudo leer 	impossibile leggere 	読み込めません: 	읽을 수 없음:
 is too big (4 MiB a file, 8 MiB a report)	 est trop gros (4 Mio par fichier, 8 Mio par rapport)	 es demasiado grande (4 MiB por archivo, 8 MiB por informe)	 è troppo grande (4 MiB per file, 8 MiB per segnalazione)	 が大きすぎます（1ファイル 4 MiB、1報告 8 MiB まで）	 이(가) 너무 큽니다 (파일당 4 MiB, 보고서당 8 MiB)
 is neither an image nor text	 n'est ni une image ni du texte	 no es ni una imagen ni texto	 non è né un'immagine né testo	 は画像でもテキストでもありません	 은(는) 이미지도 텍스트도 아닙니다
Not sent: 	Non envoyé : 	No enviado: 	Non inviato: 	未送信: 	보내지 못함:
Report deleted	Rapport supprimé	Informe borrado	Segnalazione eliminata	報告を削除しました	보고서 삭제됨
Could not delete the report: 	Impossible de supprimer le rapport : 	No se pudo borrar el informe: 	Impossibile eliminare la segnalazione: 	報告を削除できません: 	보고서를 삭제할 수 없음:
This account is no longer a developer	Ce compte n'est plus développeur	Esta cuenta ya no es de desarrollador	Questo account non è più sviluppatore	このアカウントは開発者ではなくなりました	이 계정은 더 이상 개발자가 아닙니다
Could not change the state: 	Impossible de changer l'état : 	No se pudo cambiar el estado: 	Impossibile cambiare lo stato: 	状態を変更できません: 	상태를 변경할 수 없음:
Could not fetch 	Impossible de récupérer 	No se pudo descargar 	Impossibile scaricare 	取得できません: 	받을 수 없음:
your email	votre e-mail	tu correo	la tua e-mail	あなたのメール	내 이메일
This capture cannot be sent: 	Cette capture ne peut pas être envoyée : 	Esta captura no se puede enviar: 	Questa cattura non può essere inviata: 	このキャプチャは送信できません: 	이 캡처는 보낼 수 없습니다:
Give it a title.	Donnez-lui un titre.	Ponle un título.	Dagli un titolo.	タイトルを付けてください。	제목을 입력하세요.
Say what happened.	Dites ce qui s'est passé.	Cuenta qué pasó.	Racconta cosa è successo.	何が起きたか書いてください。	무슨 일이 있었는지 적어 주세요.
Accept invite	Accepter l'invitation	Aceptar invitación	Accetta invito	招待を承認	초대 수락
Accepted. 	Accepté. 	Aceptada. 	Accettato. 	承認しました。	수락했습니다.
 has been told; it joins from there.	 a été prévenu ; il rejoint à partir de là.	 ya lo sabe; se une desde ahí.	 è stato avvisato; entra da lì.	 に伝えました。そこから参加します。	에 전달되어 거기서 참가합니다.
Accepted, but a different title is running. Quit it and press Play on 	Accepté, mais un autre jeu est en cours. Quittez-le et appuyez sur Jouer sur 	Aceptada, pero hay otro juego abierto. Ciérralo y pulsa Jugar en 	Accettato, ma è aperto un altro gioco. Chiudilo e premi Gioca su 	承認しましたが、別のゲームが起動中です。終了してから「プレイ」を押してください: 	수락했지만 다른 게임이 실행 중입니다. 종료한 뒤 플레이를 누르세요:
 to join.	 pour rejoindre.	 para unirte.	 per entrare.	（参加するため）。	 (참가하려면).
Accepted 	Invitation de 	Aceptada la invitación de 	Accettato l'invito di 	承認: 	수락:
's invitation. Add 	 acceptée. Ajoutez 	. Añade 	. Aggiungi 	 の招待。ホームタブで 	님의 초대. 홈 탭에서
 on the Home tab to launch it.	 dans l'onglet Accueil pour le lancer.	 en la pestaña Inicio para iniciarlo.	 nella scheda Home per avviarlo.	 を追加すると起動できます。	 을(를) 추가하면 실행할 수 있습니다.
Launching 	Lancement de 	Iniciando 	Avvio di 	起動中: 	실행 중:
 to join 	 pour rejoindre 	 para unirte a 	 per entrare da 	 - 参加先: 	 - 참가 대상:
Could not launch 	Impossible de lancer 	No se pudo iniciar 	Impossibile avviare 	起動できません: 	실행할 수 없음:
Decline invite	Refuser l'invitation	Rechazar invitación	Rifiuta invito	招待を拒否	초대 거절
no such title	jeu inconnu	no existe ese juego	gioco sconosciuto	そのタイトルはありません	해당 타이틀이 없습니다
 is already running	 est déjà en cours	 ya está abierto	 è già aperto	 は既に起動しています	 은(는) 이미 실행 중입니다
no executable configured	aucun exécutable configuré	no hay ejecutable configurado	nessun eseguibile configurato	実行ファイルが設定されていません	실행 파일이 설정되지 않았습니다
The game	Le jeu	El juego	Il gioco	ゲーム	게임
 stopped on signal 	 s'est arrêté sur le signal 	 se detuvo con la señal 	 si è fermato con il segnale 	 はシグナルで停止しました: 	 이(가) 신호로 중지됨:
 exited with code 	 s'est terminé avec le code 	 terminó con el código 	 è terminato con il codice 	 は終了しました。コード: 	 이(가) 종료됨. 코드:
 exited	 s'est terminé	 se ha cerrado	 è terminato	 が終了しました	 이(가) 종료되었습니다
 is running; quit it before updating	 est en cours ; quittez-le avant de mettre à jour	 está abierto; ciérralo antes de actualizar	 è aperto; chiudilo prima di aggiornare	 が起動中です。更新前に終了してください	 이(가) 실행 중입니다. 업데이트 전에 종료하세요
a game is running; quit it first, the launcher restarts to update	un jeu est en cours ; quittez-le d'abord, le lanceur redémarre pour se mettre à jour	hay un juego abierto; ciérralo primero, el lanzador se reinicia para actualizarse	c'è un gioco aperto; chiudilo prima, il launcher si riavvia per aggiornarsi	ゲームが起動中です。先に終了してください。更新のためランチャーが再起動します	게임이 실행 중입니다. 먼저 종료하세요. 업데이트를 위해 런처가 다시 시작됩니다
no package yet	pas encore de package	aún no hay paquete	nessun pacchetto ancora	パッケージ未配置	아직 패키지 없음
Launcher update failed: 	Échec de la mise à jour du lanceur : 	Fallo al actualizar el lanzador: 	Aggiornamento del launcher non riuscito: 	ランチャーの更新に失敗: 	런처 업데이트 실패:
XenonLive Launcher 	XenonLive Launcher 	XenonLive Launcher 	XenonLive Launcher 	XenonLive Launcher 	XenonLive Launcher
 is available - update from Home	 est disponible - mettez à jour depuis Accueil	 está disponible - actualiza desde Inicio	 è disponibile - aggiorna da Home	 が利用可能です - ホームから更新	 사용 가능 - 홈에서 업데이트
 installed	 installé	 instalado	 installato	 をインストールしました	 설치됨
Signed in as 	Connecté en tant que 	Sesión iniciada como 	Connesso come 	サインイン: 	로그인:
Signed out: 	Déconnecté : 	Sesión cerrada: 	Disconnesso: 	サインアウト: 	로그아웃:
Connected to 	Connecté à 	Conectado a 	Connesso a 	接続先: 	연결됨:
Connection lost; retrying	Connexion perdue ; nouvel essai	Conexión perdida; reintentando	Connessione persa; nuovo tentativo	接続が切れました。再接続中	연결 끊김. 다시 시도 중
 wants to be your friend	 veut devenir votre ami	 quiere ser tu amigo	 vuole essere tuo amico	 からフレンド申請が届きました	님이 친구 요청을 보냈습니다
 accepted your friend request	 a accepté votre demande d'ami	 ha aceptado tu solicitud de amistad	 ha accettato la tua richiesta di amicizia	 がフレンド申請を承認しました	님이 친구 요청을 수락했습니다
 invited you to 	 vous a invité à 	 te ha invitado a 	 ti ha invitato a 	 からの招待: 	님이 초대했습니다:
 accepted	 a accepté	 ha aceptado	 ha accettato	 が承認しました: 	님이 수락했습니다:
 declined	 a refusé	 ha rechazado	 ha rifiutato	 が拒否しました: 	님이 거절했습니다:
 your invitation	 votre invitation	 tu invitación	 il tuo invito	あなたの招待	내 초대
Reply	Répondre	Responder	Rispondi	返信	답장
Achievement unlocked: 	Succès débloqué : 	Logro desbloqueado: 	Obiettivo sbloccato: 	実績解除: 	도전 과제 달성:
Home	Accueil	Inicio	Home	ホーム	홈
Invites	Invitations	Invitaciones	Inviti	招待	초대
Support	Soutien	Apoyo	Sostieni	支援	후원
online	en ligne	en línea	online	オンライン	온라인
offline	hors ligne	sin conexión	offline	オフライン	오프라인
A monthly or one-time contribution. It pays for the server this launcher talks to.	Une contribution mensuelle ou ponctuelle. Elle paie le serveur auquel ce lanceur parle.	Una aportación mensual o única. Paga el servidor con el que habla este lanzador.	Un contributo mensile o una tantum. Paga il server con cui parla questo launcher.	月額または一回限りの支援。このランチャーが接続するサーバーの費用に充てられます。	월간 또는 일회성 후원. 이 런처가 연결하는 서버 비용에 쓰입니다.
The port's source. Bug reports and pull requests go here.	Le code source du port. Les rapports de bugs et les pull requests vont ici.	El código fuente del port. Los informes de errores y pull requests van aquí.	Il codice sorgente del port. Segnalazioni di bug e pull request vanno qui.	移植版のソースコード。バグ報告とプルリクエストはこちらへ。	포트의 소스 코드. 버그 보고와 풀 리퀘스트는 여기로.
The same, for Case West.	Idem, pour Case West.	Lo mismo, para Case West.	Lo stesso, per Case West.	同上、Case West 用。	Case West도 마찬가지입니다.
Language	Langue	Idioma	Lingua	言語	언어
System language	Langue du système	Idioma del sistema	Lingua di sistema	システムの言語	시스템 언어
Launcher	Lanceur	Lanzador	Launcher	ランチャー	런처
%u of %u	%u sur %u	%u de %u	%u su %u	%u / %u	%u / %u
 invited you to play - Shift+Tab to answer	 vous invite à jouer - Shift+Tab pour répondre	 te invita a jugar - Shift+Tab para responder	 ti invita a giocare - Shift+Tab per rispondere	 からゲームに招待 - Shift+Tab で応答	님이 게임에 초대했습니다 - Shift+Tab으로 응답
Joining 	Rejoint la partie de 	Uniéndose a la partida de 	Entrando nella partita di 	参加中: 	참가 중: 
's game	 	 	 	 のゲーム	님의 게임
  -  Shift+Tab to reply	  -  Shift+Tab pour répondre	  -  Shift+Tab para responder	  -  Shift+Tab per rispondere	  -  Shift+Tab で返信	  -  Shift+Tab으로 답장
Signed out of XenonLive	Déconnecté de XenonLive	Sesión de XenonLive cerrada	Disconnesso da XenonLive	XenonLive からサインアウトしました	XenonLive에서 로그아웃됨
XenonLive connection lost; retrying	Connexion à XenonLive perdue ; nouvel essai	Conexión con XenonLive perdida; reintentando	Connessione a XenonLive persa; nuovo tentativo	XenonLive との接続が切れました。再接続中	XenonLive 연결 끊김. 다시 시도 중
Achievement unlocked	Succès débloqué	Logro desbloqueado	Obiettivo sbloccato	実績解除	도전 과제 달성
Shift+Tab / View+Menu closes  -  LB RB tabs, B back	Shift+Tab / Vue+Menu ferme  -  LB RB onglets, B retour	Shift+Tab / Vista+Menú cierra  -  LB RB pestañas, B atrás	Shift+Tab / Visualizza+Menu chiude  -  LB RB schede, B indietro	Shift+Tab / ビュー+メニューで閉じる  -  LB RB タブ切替、B 戻る	Shift+Tab / 보기+메뉴로 닫기  -  LB RB 탭 전환, B 뒤로
Notifications	Notifications	Notificaciones	Notifiche	通知	알림
Off: nothing pops up over the game. Invitations and messages still\nwait here, with a count on their tab.	Désactivé : rien n'apparaît par-dessus le jeu. Les invitations et messages\nattendent ici, avec un compteur sur leur onglet.	Desactivado: nada aparece sobre el juego. Las invitaciones y mensajes\nsiguen esperando aquí, con un contador en su pestaña.	Disattivate: niente compare sopra il gioco. Inviti e messaggi\naspettano qui, con un contatore sulla loro scheda.	オフ：ゲーム上に何も表示されません。招待とメッセージは\nここで待機し、タブに件数が表示されます。	꺼짐: 게임 위에 아무것도 표시되지 않습니다. 초대와 메시지는\n여기서 대기하며 탭에 개수가 표시됩니다.
reading your session...	lecture de votre session...	leyendo tu sesión...	lettura della tua sessione...	セッションを確認中...	세션 확인 중...
in a session: friends can be invited	dans une session : les amis peuvent être invités	en una sesión: se puede invitar a amigos	in una sessione: gli amici possono essere invitati	セッション中：フレンドを招待できます	세션 참가 중: 친구를 초대할 수 있습니다
not in a joinable session yet	pas encore dans une session rejoignable	aún no estás en una sesión a la que unirse	non ancora in una sessione a cui entrare	まだ参加可能なセッションにいません	아직 참가 가능한 세션에 없습니다
Friend request sent to 	Demande d'ami envoyée à 	Solicitud de amistad enviada a 	Richiesta di amicizia inviata a 	フレンド申請を送りました: 	친구 요청을 보냈습니다: 
No friends yet. Type a gamertag above to add one.	Pas encore d'amis. Tapez un gamertag ci-dessus pour en ajouter un.	Aún no hay amigos. Escribe un gamertag arriba para añadir uno.	Nessun amico ancora. Scrivi un gamertag qui sopra per aggiungerne uno.	フレンドはまだいません。上にゲーマータグを入力して追加してください。	아직 친구가 없습니다. 위에 게이머태그를 입력해 추가하세요.
Invites (	Invitations (	Invitaciones (	Inviti (	招待 (	초대 (
Nothing waiting.	Rien en attente.	Nada pendiente.	Niente in attesa.	待機中のものはありません。	대기 중인 항목이 없습니다.
invited you to their game	vous invite dans sa partie	te invita a su partida	ti invita nella sua partita	からゲームに招待されました	님이 게임에 초대했습니다
Messages (	Messages (	Mensajes (	Messaggi (	メッセージ (	메시지 (
Pick someone. A message is up to 256 characters;	Choisissez quelqu'un. Un message fait jusqu'à 256 caractères ;	Elige a alguien. Un mensaje tiene hasta 256 caracteres;	Scegli qualcuno. Un messaggio arriva a 256 caratteri;	相手を選んでください。1通は最大256文字、	상대를 선택하세요. 메시지는 최대 256자이며,
the last 20 between you are kept.	les 20 derniers entre vous sont conservés.	se guardan los últimos 20 entre vosotros.	gli ultimi 20 tra voi vengono conservati.	直近20通が保存されます。	최근 20개가 보관됩니다.
No messages yet.	Pas encore de messages.	Aún no hay mensajes.	Nessun messaggio ancora.	まだメッセージはありません。	아직 메시지가 없습니다.
You	Vous	Tú	Tu	あなた	나
write a message, Enter sends	écrivez un message, Entrée envoie	escribe un mensaje, Intro envía	scrivi un messaggio, Invio spedisce	メッセージを入力、Enter で送信	메시지 입력, Enter로 전송
  -  not a friend any more; you can read, not write	  -  plus un ami ; vous pouvez lire, pas écrire	  -  ya no es tu amigo; puedes leer, no escribir	  -  non è più tuo amico; puoi leggere, non scrivere	  -  もうフレンドではありません。閲覧のみ可能です	  -  더 이상 친구가 아닙니다. 읽기만 가능합니다
No title.	Aucun jeu.	Ningún juego.	Nessun gioco.	タイトルがありません。	타이틀이 없습니다.
This server has not imported the title.	Ce serveur n'a pas importé ce jeu.	Este servidor no ha importado el juego.	Questo server non ha importato il gioco.	このサーバーにはこのタイトルが登録されていません。	이 서버에 이 타이틀이 등록되어 있지 않습니다.
%u of %zu unlocked	%u sur %zu débloqués	%u de %zu desbloqueados	%u su %zu sbloccati	%u / %zu 解除済み	%u개 달성 / 전체 %zu개
Keep playing to reveal it.	Continuez à jouer pour le révéler.	Sigue jugando para revelarlo.	Continua a giocare per rivelarlo.	プレイを続けると明らかになります。	계속 플레이하면 공개됩니다.
